baseline,probeIntervalMs,totalOverheadMs_mean,totalOverheadMs_std,totalOverheadMs_count,hitRate_mean,hitRate_std,hitRate_count,queries_mean,queries_std,queries_count,updates_mean,updates_std,updates_count,avgQms_mean,avgQms_std,avgQms_count,avgUms_mean,avgUms_std,avgUms_count,totalOverheadMs_ci95,hitRate_ci95,queries_ci95,updates_ci95,avgQms_ci95,avgUms_ci95
BC_ALWAYS_QUERY,100,144360.0,0.0,5,0.0,0.0,5,12000.0,0.0,5,20.0,0.0,5,12.0,0.0,5,18.0,0.0,5,0.0,0.0,0.0,0.0,0.0,0.0
BC_ALWAYS_QUERY,200,72360.0,0.0,5,0.0,0.0,5,6000.0,0.0,5,20.0,0.0,5,12.0,0.0,5,18.0,0.0,5,0.0,0.0,0.0,0.0,0.0,0.0
BC_ALWAYS_QUERY,500,29160.0,0.0,5,0.0,0.0,5,2400.0,0.0,5,20.0,0.0,5,12.0,0.0,5,18.0,0.0,5,0.0,0.0,0.0,0.0,0.0,0.0
BC_TRUST,100,7452.0,0.0,5,0.95075,0.0,5,591.0,0.0,5,20.0,0.0,5,12.0,0.0,5,18.0,0.0,5,0.0,0.0,0.0,0.0,0.0,0.0
BC_TRUST,200,7452.0,0.0,5,0.9015000000000001,0.0,5,591.0,0.0,5,20.0,0.0,5,12.0,0.0,5,18.0,0.0,5,0.0,1.0880185641326533e-16,0.0,0.0,0.0,0.0
BC_TRUST,500,6456.0,0.0,5,0.788333,0.0,5,508.0,0.0,5,20.0,0.0,5,12.0,0.0,5,18.0,0.0,5,0.0,0.0,0.0,0.0,0.0,0.0
FULL,100,9000.0,0.0,5,0.9399999999999998,0.0,5,720.0,0.0,5,20.0,0.0,5,12.0,0.0,5,18.0,0.0,5,0.0,1.0880185641326533e-16,0.0,0.0,0.0,0.0
FULL,200,9000.0,0.0,5,0.8800000000000001,0.0,5,720.0,0.0,5,20.0,0.0,5,12.0,0.0,5,18.0,0.0,5,0.0,1.0880185641326533e-16,0.0,0.0,0.0,0.0
FULL,500,6552.0,0.0,5,0.785,0.0,5,516.0,0.0,5,20.0,0.0,5,12.0,0.0,5,18.0,0.0,5,0.0,0.0,0.0,0.0,0.0,0.0
