nVehicles,speedTag,pseudoRotateSec,rotateOnRsuChange,pseudoPoolSize,nRsu_mean,simTime_mean,rsuCoverageRadius_mean,intervalMs_mean,payloadSize_mean,cryptoDelayUsTx_mean,cryptoDelayUsRx_mean,txAllVehicles_mean,enableReplayCheck_mean,enableSigCheck_mean,enableReports_mean,enableBlockchain_mean,enableTrustGate_mean,attackMode_mean,maliciousRate_mean,txData_mean,rxVehData_mean,rxRsuData_mean,expectedRx_mean,pdr_norm_mean,avgDelay_s_mean,throughput_bps_mean,replayDrops_mean,sigDrops_mean,reportsSent_mean,reportsRxAtRsu_mean,blocks_mean,reportsCommitted_mean,avgBlockLatency_s_mean,avgLedgerTrust_mean,handoverCount_mean,avgHandoverDelay_s_mean,fastAuthCount_mean,fullAuthCount_mean,rejectCount_mean,trustFastThresh_mean,trustMinThresh_mean,fastAuthDelayMs_mean,fullAuthDelayMs_mean,malFast_mean,malFull_mean,malReject_mean,honFast_mean,honFull_mean,honReject_mean,linkAttempts_mean,linkSuccess_mean,pseudoRotations_mean,pseudoRegistrations_mean,linkabilityRate_mean,nRsu_std,simTime_std,rsuCoverageRadius_std,intervalMs_std,payloadSize_std,cryptoDelayUsTx_std,cryptoDelayUsRx_std,txAllVehicles_std,enableReplayCheck_std,enableSigCheck_std,enableReports_std,enableBlockchain_std,enableTrustGate_std,attackMode_std,maliciousRate_std,txData_std,rxVehData_std,rxRsuData_std,expectedRx_std,pdr_norm_std,avgDelay_s_std,throughput_bps_std,replayDrops_std,sigDrops_std,reportsSent_std,reportsRxAtRsu_std,blocks_std,reportsCommitted_std,avgBlockLatency_s_std,avgLedgerTrust_std,handoverCount_std,avgHandoverDelay_s_std,fastAuthCount_std,fullAuthCount_std,rejectCount_std,trustFastThresh_std,trustMinThresh_std,fastAuthDelayMs_std,fullAuthDelayMs_std,malFast_std,malFull_std,malReject_std,honFast_std,honFull_std,honReject_std,linkAttempts_std,linkSuccess_std,pseudoRotations_std,pseudoRegistrations_std,linkabilityRate_std
30,13.9,2,0,5,2.0,20.0,300.0,100.0,64.0,200.0,200.0,0.0,1.0,1.0,1.0,1.0,1.0,0.0,0.0,195.0,5655.0,390.0,5655.0,1.0,0.000666,208104.0,0.0,0.0,0.0,0.0,0.0,0.0,0.0,0.8,0.0,0.0,0.0,0.0,0.0,0.7,0.3,20.0,120.0,0.0,0.0,0.0,0.0,0.0,0.0,270.0,0.0,270.0,150.0,0.0,0.0,0.0,0.0,0.0,0.0,0.0,0.0,0.0,0.0,0.0,0.0,0.0,0.0,0.0,0.0,0.0,0.0,0.0,0.0,0.0,0.0,0.0,0.0,0.0,0.0,0.0,0.0,0.0,0.0,0.0,0.0,0.0,0.0,0.0,0.0,0.0,0.0,0.0,0.0,0.0,0.0,0.0,0.0,0.0,0.0,0.0,0.0,0.0,0.0,0.0
30,13.9,2,1,5,2.0,20.0,300.0,100.0,64.0,200.0,200.0,0.0,1.0,1.0,1.0,1.0,1.0,0.0,0.0,195.0,5655.0,390.0,5655.0,1.0,0.000666,208104.0,0.0,0.0,0.0,0.0,0.0,0.0,0.0,0.8,0.0,0.0,0.0,0.0,0.0,0.7,0.3,20.0,120.0,0.0,0.0,0.0,0.0,0.0,0.0,270.0,0.0,270.0,150.0,0.0,0.0,0.0,0.0,0.0,0.0,0.0,0.0,0.0,0.0,0.0,0.0,0.0,0.0,0.0,0.0,0.0,0.0,0.0,0.0,0.0,0.0,0.0,0.0,0.0,0.0,0.0,0.0,0.0,0.0,0.0,0.0,0.0,0.0,0.0,0.0,0.0,0.0,0.0,0.0,0.0,0.0,0.0,0.0,0.0,0.0,0.0,0.0,0.0,0.0,0.0
30,13.9,5,0,5,2.0,20.0,300.0,100.0,64.0,200.0,200.0,0.0,1.0,1.0,1.0,1.0,1.0,0.0,0.0,195.0,5655.0,390.0,5655.0,1.0,0.000666,208104.0,0.0,0.0,0.0,0.0,0.0,0.0,0.0,0.8,0.0,0.0,0.0,0.0,0.0,0.7,0.3,20.0,120.0,0.0,0.0,0.0,0.0,0.0,0.0,90.0,0.0,90.0,150.0,0.0,0.0,0.0,0.0,0.0,0.0,0.0,0.0,0.0,0.0,0.0,0.0,0.0,0.0,0.0,0.0,0.0,0.0,0.0,0.0,0.0,0.0,0.0,0.0,0.0,0.0,0.0,0.0,0.0,0.0,0.0,0.0,0.0,0.0,0.0,0.0,0.0,0.0,0.0,0.0,0.0,0.0,0.0,0.0,0.0,0.0,0.0,0.0,0.0,0.0,0.0
30,13.9,5,1,5,2.0,20.0,300.0,100.0,64.0,200.0,200.0,0.0,1.0,1.0,1.0,1.0,1.0,0.0,0.0,195.0,5655.0,390.0,5655.0,1.0,0.000666,208104.0,0.0,0.0,0.0,0.0,0.0,0.0,0.0,0.8,0.0,0.0,0.0,0.0,0.0,0.7,0.3,20.0,120.0,0.0,0.0,0.0,0.0,0.0,0.0,90.0,0.0,90.0,150.0,0.0,0.0,0.0,0.0,0.0,0.0,0.0,0.0,0.0,0.0,0.0,0.0,0.0,0.0,0.0,0.0,0.0,0.0,0.0,0.0,0.0,0.0,0.0,0.0,0.0,0.0,0.0,0.0,0.0,0.0,0.0,0.0,0.0,0.0,0.0,0.0,0.0,0.0,0.0,0.0,0.0,0.0,0.0,0.0,0.0,0.0,0.0,0.0,0.0,0.0,0.0
30,13.9,10,0,5,2.0,20.0,300.0,100.0,64.0,200.0,200.0,0.0,1.0,1.0,1.0,1.0,1.0,0.0,0.0,195.0,5655.0,390.0,5655.0,1.0,0.000666,208104.0,0.0,0.0,0.0,0.0,0.0,0.0,0.0,0.8,0.0,0.0,0.0,0.0,0.0,0.7,0.3,20.0,120.0,0.0,0.0,0.0,0.0,0.0,0.0,30.0,0.0,30.0,150.0,0.0,0.0,0.0,0.0,0.0,0.0,0.0,0.0,0.0,0.0,0.0,0.0,0.0,0.0,0.0,0.0,0.0,0.0,0.0,0.0,0.0,0.0,0.0,0.0,0.0,0.0,0.0,0.0,0.0,0.0,0.0,0.0,0.0,0.0,0.0,0.0,0.0,0.0,0.0,0.0,0.0,0.0,0.0,0.0,0.0,0.0,0.0,0.0,0.0,0.0,0.0
30,13.9,10,1,5,2.0,20.0,300.0,100.0,64.0,200.0,200.0,0.0,1.0,1.0,1.0,1.0,1.0,0.0,0.0,195.0,5655.0,390.0,5655.0,1.0,0.000666,208104.0,0.0,0.0,0.0,0.0,0.0,0.0,0.0,0.8,0.0,0.0,0.0,0.0,0.0,0.7,0.3,20.0,120.0,0.0,0.0,0.0,0.0,0.0,0.0,30.0,0.0,30.0,150.0,0.0,0.0,0.0,0.0,0.0,0.0,0.0,0.0,0.0,0.0,0.0,0.0,0.0,0.0,0.0,0.0,0.0,0.0,0.0,0.0,0.0,0.0,0.0,0.0,0.0,0.0,0.0,0.0,0.0,0.0,0.0,0.0,0.0,0.0,0.0,0.0,0.0,0.0,0.0,0.0,0.0,0.0,0.0,0.0,0.0,0.0,0.0,0.0,0.0,0.0,0.0
50,13.9,2,0,5,2.0,20.0,300.0,100.0,64.0,200.0,200.0,0.0,1.0,1.0,1.0,1.0,1.0,0.0,0.0,195.0,9555.0,390.0,9555.0,1.0,0.000666,351624.0,0.0,0.0,0.0,0.0,0.0,0.0,0.0,0.8,0.0,0.0,0.0,0.0,0.0,0.7,0.3,20.0,120.0,0.0,0.0,0.0,0.0,0.0,0.0,450.0,0.0,450.0,250.0,0.0,0.0,0.0,0.0,0.0,0.0,0.0,0.0,0.0,0.0,0.0,0.0,0.0,0.0,0.0,0.0,0.0,0.0,0.0,0.0,0.0,0.0,0.0,0.0,0.0,0.0,0.0,0.0,0.0,0.0,0.0,0.0,0.0,0.0,0.0,0.0,0.0,0.0,0.0,0.0,0.0,0.0,0.0,0.0,0.0,0.0,0.0,0.0,0.0,0.0,0.0
50,13.9,2,1,5,2.0,20.0,300.0,100.0,64.0,200.0,200.0,0.0,1.0,1.0,1.0,1.0,1.0,0.0,0.0,195.0,9555.0,390.0,9555.0,1.0,0.000666,351624.0,0.0,0.0,0.0,0.0,0.0,0.0,0.0,0.8,0.0,0.0,0.0,0.0,0.0,0.7,0.3,20.0,120.0,0.0,0.0,0.0,0.0,0.0,0.0,450.0,0.0,450.0,250.0,0.0,0.0,0.0,0.0,0.0,0.0,0.0,0.0,0.0,0.0,0.0,0.0,0.0,0.0,0.0,0.0,0.0,0.0,0.0,0.0,0.0,0.0,0.0,0.0,0.0,0.0,0.0,0.0,0.0,0.0,0.0,0.0,0.0,0.0,0.0,0.0,0.0,0.0,0.0,0.0,0.0,0.0,0.0,0.0,0.0,0.0,0.0,0.0,0.0,0.0,0.0
50,13.9,5,0,5,2.0,20.0,300.0,100.0,64.0,200.0,200.0,0.0,1.0,1.0,1.0,1.0,1.0,0.0,0.0,195.0,9555.0,390.0,9555.0,1.0,0.000666,351624.0,0.0,0.0,0.0,0.0,0.0,0.0,0.0,0.8,0.0,0.0,0.0,0.0,0.0,0.7,0.3,20.0,120.0,0.0,0.0,0.0,0.0,0.0,0.0,150.0,0.0,150.0,250.0,0.0,0.0,0.0,0.0,0.0,0.0,0.0,0.0,0.0,0.0,0.0,0.0,0.0,0.0,0.0,0.0,0.0,0.0,0.0,0.0,0.0,0.0,0.0,0.0,0.0,0.0,0.0,0.0,0.0,0.0,0.0,0.0,0.0,0.0,0.0,0.0,0.0,0.0,0.0,0.0,0.0,0.0,0.0,0.0,0.0,0.0,0.0,0.0,0.0,0.0,0.0
50,13.9,5,1,5,2.0,20.0,300.0,100.0,64.0,200.0,200.0,0.0,1.0,1.0,1.0,1.0,1.0,0.0,0.0,195.0,9555.0,390.0,9555.0,1.0,0.000666,351624.0,0.0,0.0,0.0,0.0,0.0,0.0,0.0,0.8,0.0,0.0,0.0,0.0,0.0,0.7,0.3,20.0,120.0,0.0,0.0,0.0,0.0,0.0,0.0,150.0,0.0,150.0,250.0,0.0,0.0,0.0,0.0,0.0,0.0,0.0,0.0,0.0,0.0,0.0,0.0,0.0,0.0,0.0,0.0,0.0,0.0,0.0,0.0,0.0,0.0,0.0,0.0,0.0,0.0,0.0,0.0,0.0,0.0,0.0,0.0,0.0,0.0,0.0,0.0,0.0,0.0,0.0,0.0,0.0,0.0,0.0,0.0,0.0,0.0,0.0,0.0,0.0,0.0,0.0
50,13.9,10,0,5,2.0,20.0,300.0,100.0,64.0,200.0,200.0,0.0,1.0,1.0,1.0,1.0,1.0,0.0,0.0,195.0,9555.0,390.0,9555.0,1.0,0.000666,351624.0,0.0,0.0,0.0,0.0,0.0,0.0,0.0,0.8,0.0,0.0,0.0,0.0,0.0,0.7,0.3,20.0,120.0,0.0,0.0,0.0,0.0,0.0,0.0,50.0,0.0,50.0,250.0,0.0,0.0,0.0,0.0,0.0,0.0,0.0,0.0,0.0,0.0,0.0,0.0,0.0,0.0,0.0,0.0,0.0,0.0,0.0,0.0,0.0,0.0,0.0,0.0,0.0,0.0,0.0,0.0,0.0,0.0,0.0,0.0,0.0,0.0,0.0,0.0,0.0,0.0,0.0,0.0,0.0,0.0,0.0,0.0,0.0,0.0,0.0,0.0,0.0,0.0,0.0
50,13.9,10,1,5,2.0,20.0,300.0,100.0,64.0,200.0,200.0,0.0,1.0,1.0,1.0,1.0,1.0,0.0,0.0,195.0,9555.0,390.0,9555.0,1.0,0.000666,351624.0,0.0,0.0,0.0,0.0,0.0,0.0,0.0,0.8,0.0,0.0,0.0,0.0,0.0,0.7,0.3,20.0,120.0,0.0,0.0,0.0,0.0,0.0,0.0,50.0,0.0,50.0,250.0,0.0,0.0,0.0,0.0,0.0,0.0,0.0,0.0,0.0,0.0,0.0,0.0,0.0,0.0,0.0,0.0,0.0,0.0,0.0,0.0,0.0,0.0,0.0,0.0,0.0,0.0,0.0,0.0,0.0,0.0,0.0,0.0,0.0,0.0,0.0,0.0,0.0,0.0,0.0,0.0,0.0,0.0,0.0,0.0,0.0,0.0,0.0,0.0,0.0,0.0,0.0
80,13.9,2,0,5,2.0,20.0,300.0,100.0,64.0,200.0,200.0,0.0,1.0,1.0,1.0,1.0,1.0,0.0,0.0,195.0,15405.0,390.0,15405.0,1.0,0.000666,566904.0,0.0,0.0,0.0,0.0,0.0,0.0,0.0,0.8,0.0,0.0,0.0,0.0,0.0,0.7,0.3,20.0,120.0,0.0,0.0,0.0,0.0,0.0,0.0,720.0,0.0,720.0,400.0,0.0,0.0,0.0,0.0,0.0,0.0,0.0,0.0,0.0,0.0,0.0,0.0,0.0,0.0,0.0,0.0,0.0,0.0,0.0,0.0,0.0,0.0,0.0,0.0,0.0,0.0,0.0,0.0,0.0,0.0,0.0,0.0,0.0,0.0,0.0,0.0,0.0,0.0,0.0,0.0,0.0,0.0,0.0,0.0,0.0,0.0,0.0,0.0,0.0,0.0,0.0
80,13.9,2,1,5,2.0,20.0,300.0,100.0,64.0,200.0,200.0,0.0,1.0,1.0,1.0,1.0,1.0,0.0,0.0,195.0,15405.0,390.0,15405.0,1.0,0.000666,566904.0,0.0,0.0,0.0,0.0,0.0,0.0,0.0,0.8,0.0,0.0,0.0,0.0,0.0,0.7,0.3,20.0,120.0,0.0,0.0,0.0,0.0,0.0,0.0,720.0,0.0,720.0,400.0,0.0,0.0,0.0,0.0,0.0,0.0,0.0,0.0,0.0,0.0,0.0,0.0,0.0,0.0,0.0,0.0,0.0,0.0,0.0,0.0,0.0,0.0,0.0,0.0,0.0,0.0,0.0,0.0,0.0,0.0,0.0,0.0,0.0,0.0,0.0,0.0,0.0,0.0,0.0,0.0,0.0,0.0,0.0,0.0,0.0,0.0,0.0,0.0,0.0,0.0,0.0
80,13.9,5,0,5,2.0,20.0,300.0,100.0,64.0,200.0,200.0,0.0,1.0,1.0,1.0,1.0,1.0,0.0,0.0,195.0,15405.0,390.0,15405.0,1.0,0.000666,566904.0,0.0,0.0,0.0,0.0,0.0,0.0,0.0,0.8,0.0,0.0,0.0,0.0,0.0,0.7,0.3,20.0,120.0,0.0,0.0,0.0,0.0,0.0,0.0,240.0,0.0,240.0,400.0,0.0,0.0,0.0,0.0,0.0,0.0,0.0,0.0,0.0,0.0,0.0,0.0,0.0,0.0,0.0,0.0,0.0,0.0,0.0,0.0,0.0,0.0,0.0,0.0,0.0,0.0,0.0,0.0,0.0,0.0,0.0,0.0,0.0,0.0,0.0,0.0,0.0,0.0,0.0,0.0,0.0,0.0,0.0,0.0,0.0,0.0,0.0,0.0,0.0,0.0,0.0
80,13.9,5,1,5,2.0,20.0,300.0,100.0,64.0,200.0,200.0,0.0,1.0,1.0,1.0,1.0,1.0,0.0,0.0,195.0,15405.0,390.0,15405.0,1.0,0.000666,566904.0,0.0,0.0,0.0,0.0,0.0,0.0,0.0,0.8,0.0,0.0,0.0,0.0,0.0,0.7,0.3,20.0,120.0,0.0,0.0,0.0,0.0,0.0,0.0,240.0,0.0,240.0,400.0,0.0,0.0,0.0,0.0,0.0,0.0,0.0,0.0,0.0,0.0,0.0,0.0,0.0,0.0,0.0,0.0,0.0,0.0,0.0,0.0,0.0,0.0,0.0,0.0,0.0,0.0,0.0,0.0,0.0,0.0,0.0,0.0,0.0,0.0,0.0,0.0,0.0,0.0,0.0,0.0,0.0,0.0,0.0,0.0,0.0,0.0,0.0,0.0,0.0,0.0,0.0
80,13.9,10,0,5,2.0,20.0,300.0,100.0,64.0,200.0,200.0,0.0,1.0,1.0,1.0,1.0,1.0,0.0,0.0,195.0,15405.0,390.0,15405.0,1.0,0.000666,566904.0,0.0,0.0,0.0,0.0,0.0,0.0,0.0,0.8,0.0,0.0,0.0,0.0,0.0,0.7,0.3,20.0,120.0,0.0,0.0,0.0,0.0,0.0,0.0,80.0,0.0,80.0,400.0,0.0,0.0,0.0,0.0,0.0,0.0,0.0,0.0,0.0,0.0,0.0,0.0,0.0,0.0,0.0,0.0,0.0,0.0,0.0,0.0,0.0,0.0,0.0,0.0,0.0,0.0,0.0,0.0,0.0,0.0,0.0,0.0,0.0,0.0,0.0,0.0,0.0,0.0,0.0,0.0,0.0,0.0,0.0,0.0,0.0,0.0,0.0,0.0,0.0,0.0,0.0
80,13.9,10,1,5,2.0,20.0,300.0,100.0,64.0,200.0,200.0,0.0,1.0,1.0,1.0,1.0,1.0,0.0,0.0,195.0,15405.0,390.0,15405.0,1.0,0.000666,566904.0,0.0,0.0,0.0,0.0,0.0,0.0,0.0,0.8,0.0,0.0,0.0,0.0,0.0,0.7,0.3,20.0,120.0,0.0,0.0,0.0,0.0,0.0,0.0,80.0,0.0,80.0,400.0,0.0,0.0,0.0,0.0,0.0,0.0,0.0,0.0,0.0,0.0,0.0,0.0,0.0,0.0,0.0,0.0,0.0,0.0,0.0,0.0,0.0,0.0,0.0,0.0,0.0,0.0,0.0,0.0,0.0,0.0,0.0,0.0,0.0,0.0,0.0,0.0,0.0,0.0,0.0,0.0,0.0,0.0,0.0,0.0,0.0,0.0,0.0,0.0,0.0,0.0,0.0
