baseline,nVehicles,seed_mean,nRsu_mean,simTime_mean,rsuCoverageRadius_mean,intervalMs_mean,payloadSize_mean,cryptoDelayUsTx_mean,cryptoDelayUsRx_mean,txAllVehicles_mean,enableReplayCheck_mean,enableSigCheck_mean,enableReports_mean,enableBlockchain_mean,enableTrustGate_mean,attackMode_mean,maliciousRate_mean,txData_mean,rxVehData_mean,rxRsuData_mean,expectedRx_mean,pdr_norm_mean,avgDelay_s_mean,throughput_bps_mean,replayDrops_mean,sigDrops_mean,reportsSent_mean,reportsRxAtRsu_mean,blocks_mean,reportsCommitted_mean,avgBlockLatency_s_mean,avgLedgerTrust_mean,handoverCount_mean,avgHandoverDelay_s_mean,fastAuthCount_mean,fullAuthCount_mean,rejectCount_mean,trustFastThresh_mean,trustMinThresh_mean,fastAuthDelayMs_mean,fullAuthDelayMs_mean,malFast_mean,malFull_mean,malReject_mean,honFast_mean,honFull_mean,honReject_mean,seed_std,nRsu_std,simTime_std,rsuCoverageRadius_std,intervalMs_std,payloadSize_std,cryptoDelayUsTx_std,cryptoDelayUsRx_std,txAllVehicles_std,enableReplayCheck_std,enableSigCheck_std,enableReports_std,enableBlockchain_std,enableTrustGate_std,attackMode_std,maliciousRate_std,txData_std,rxVehData_std,rxRsuData_std,expectedRx_std,pdr_norm_std,avgDelay_s_std,throughput_bps_std,replayDrops_std,sigDrops_std,reportsSent_std,reportsRxAtRsu_std,blocks_std,reportsCommitted_std,avgBlockLatency_s_std,avgLedgerTrust_std,handoverCount_std,avgHandoverDelay_s_std,fastAuthCount_std,fullAuthCount_std,rejectCount_std,trustFastThresh_std,trustMinThresh_std,fastAuthDelayMs_std,fullAuthDelayMs_std,malFast_std,malFull_std,malReject_std,honFast_std,honFull_std,honReject_std,seed_count,nRsu_count,simTime_count,rsuCoverageRadius_count,intervalMs_count,payloadSize_count,cryptoDelayUsTx_count,cryptoDelayUsRx_count,txAllVehicles_count,enableReplayCheck_count,enableSigCheck_count,enableReports_count,enableBlockchain_count,enableTrustGate_count,attackMode_count,maliciousRate_count,txData_count,rxVehData_count,rxRsuData_count,expectedRx_count,pdr_norm_count,avgDelay_s_count,throughput_bps_count,replayDrops_count,sigDrops_count,reportsSent_count,reportsRxAtRsu_count,blocks_count,reportsCommitted_count,avgBlockLatency_s_count,avgLedgerTrust_count,handoverCount_count,avgHandoverDelay_s_count,fastAuthCount_count,fullAuthCount_count,rejectCount_count,trustFastThresh_count,trustMinThresh_count,fastAuthDelayMs_count,fullAuthDelayMs_count,malFast_count,malFull_count,malReject_count,honFast_count,honFull_count,honReject_count,seed_ci95,nRsu_ci95,simTime_ci95,rsuCoverageRadius_ci95,intervalMs_ci95,payloadSize_ci95,cryptoDelayUsTx_ci95,cryptoDelayUsRx_ci95,txAllVehicles_ci95,enableReplayCheck_ci95,enableSigCheck_ci95,enableReports_ci95,enableBlockchain_ci95,enableTrustGate_ci95,attackMode_ci95,maliciousRate_ci95,txData_ci95,rxVehData_ci95,rxRsuData_ci95,expectedRx_ci95,pdr_norm_ci95,avgDelay_s_ci95,throughput_bps_ci95,replayDrops_ci95,sigDrops_ci95,reportsSent_ci95,reportsRxAtRsu_ci95,blocks_ci95,reportsCommitted_ci95,avgBlockLatency_s_ci95,avgLedgerTrust_ci95,handoverCount_ci95,avgHandoverDelay_s_ci95,fastAuthCount_ci95,fullAuthCount_ci95,rejectCount_ci95,trustFastThresh_ci95,trustMinThresh_ci95,fastAuthDelayMs_ci95,fullAuthDelayMs_ci95,malFast_ci95,malFull_ci95,malReject_ci95,honFast_ci95,honFull_ci95,honReject_ci95
BC_ALWAYS_QUERY,30.0,3.0,2.0,20.0,300.0,100.0,64.0,200.0,200.0,0.0,1.0,1.0,1.0,1.0,1.0,2.0,0.2,195.0,0.0,0.0,5655.0,0.0,0.0,0.0,1984.0,6045.0,2494.0,390.4,38.4,385.2,0.02260526,0.7823184,0.0,0.0,0.0,0.0,0.0,0.7,0.3,20.0,120.0,0.0,0.0,0.0,0.0,0.0,0.0,1.5811388300841898,0.0,0.0,0.0,0.0,0.0,0.0,0.0,0.0,0.0,0.0,0.0,0.0,0.0,0.0,0.0,0.0,0.0,0.0,0.0,0.0,0.0,0.0,0.0,0.0,0.0,163.23847585664356,5.549774770204643,162.61672730687948,0.0029541929732162043,1.1401754251112328e-06,0.0,0.0,0.0,0.0,0.0,0.0,0.0,0.0,0.0,0.0,0.0,0.0,0.0,0.0,0.0,5,5,5,5,5,5,5,5,5,5,5,5,5,5,5,5,5,5,5,5,5,5,5,5,5,5,5,5,5,5,5,5,5,5,5,5,5,5,5,5,5,5,5,5,5,5,1.3859292911256331,0.0,0.0,0.0,0.0,0.0,0.0,0.0,0.0,0.0,0.0,0.0,0.0,0.0,0.0,0.0,0.0,0.0,0.0,0.0,0.0,0.0,0.0,0.0,0.0,0.0,143.08483279509397,4.864592069228416,142.53984616239765,0.0025894643122513503,9.994078246630516e-07,0.0,0.0,0.0,0.0,0.0,0.0,0.0,0.0,0.0,0.0,0.0,0.0,0.0,0.0,0.0
BC_ALWAYS_QUERY,60.0,3.0,2.0,20.0,300.0,100.0,64.0,200.0,200.0,0.0,1.0,1.0,1.0,1.0,1.0,2.0,0.2,195.0,0.0,0.0,11505.0,0.0,0.0,0.0,3904.0,11895.0,5074.0,60.0,16.8,59.2,0.03142856,0.7916416,0.0,0.0,0.0,0.0,0.0,0.7,0.3,20.0,120.0,0.0,0.0,0.0,0.0,0.0,0.0,1.5811388300841898,0.0,0.0,0.0,0.0,0.0,0.0,0.0,0.0,0.0,0.0,0.0,0.0,0.0,0.0,0.0,0.0,0.0,0.0,0.0,0.0,0.0,0.0,0.0,0.0,0.0,33.54101966249684,9.391485505499118,33.09380606699689,0.017569099148732698,0.00168957296379888,0.0,0.0,0.0,0.0,0.0,0.0,0.0,0.0,0.0,0.0,0.0,0.0,0.0,0.0,0.0,5,5,5,5,5,5,5,5,5,5,5,5,5,5,5,5,5,5,5,5,5,5,5,5,5,5,5,5,5,5,5,5,5,5,5,5,5,5,5,5,5,5,5,5,5,5,1.3859292911256331,0.0,0.0,0.0,0.0,0.0,0.0,0.0,0.0,0.0,0.0,0.0,0.0,0.0,0.0,0.0,0.0,0.0,0.0,0.0,0.0,0.0,0.0,0.0,0.0,0.0,29.399999999999995,8.232,29.008000000000003,0.015399994399999999,0.0014809760000000232,0.0,0.0,0.0,0.0,0.0,0.0,0.0,0.0,0.0,0.0,0.0,0.0,0.0,0.0,0.0
BC_ALWAYS_QUERY,90.0,3.0,2.0,20.0,300.0,100.0,64.0,200.0,200.0,0.0,1.0,1.0,1.0,1.0,1.0,2.0,0.2,195.0,0.0,0.0,17355.0,0.0,0.0,0.0,5824.0,17745.0,7654.0,0.0,0.0,0.0,0.0,0.796808,0.0,0.0,0.0,0.0,0.0,0.7,0.3,20.0,120.0,0.0,0.0,0.0,0.0,0.0,0.0,1.5811388300841898,0.0,0.0,0.0,0.0,0.0,0.0,0.0,0.0,0.0,0.0,0.0,0.0,0.0,0.0,0.0,0.0,0.0,0.0,0.0,0.0,0.0,0.0,0.0,0.0,0.0,0.0,0.0,0.0,0.0,0.0,0.0,0.0,0.0,0.0,0.0,0.0,0.0,0.0,0.0,0.0,0.0,0.0,0.0,0.0,0.0,5,5,5,5,5,5,5,5,5,5,5,5,5,5,5,5,5,5,5,5,5,5,5,5,5,5,5,5,5,5,5,5,5,5,5,5,5,5,5,5,5,5,5,5,5,5,1.3859292911256331,0.0,0.0,0.0,0.0,0.0,0.0,0.0,0.0,0.0,0.0,0.0,0.0,0.0,0.0,0.0,0.0,0.0,0.0,0.0,0.0,0.0,0.0,0.0,0.0,0.0,0.0,0.0,0.0,0.0,0.0,0.0,0.0,0.0,0.0,0.0,0.0,0.0,0.0,0.0,0.0,0.0,0.0,0.0,0.0,0.0
BC_TRUST,30.0,3.0,2.0,20.0,300.0,100.0,64.0,200.0,200.0,0.0,1.0,1.0,1.0,1.0,1.0,2.0,0.2,195.0,0.0,0.0,5655.0,0.0,0.0,0.0,1984.0,6045.0,2494.0,390.4,38.4,385.2,0.02260526,0.7823184,0.0,0.0,0.0,0.0,0.0,0.7,0.3,20.0,120.0,0.0,0.0,0.0,0.0,0.0,0.0,1.5811388300841898,0.0,0.0,0.0,0.0,0.0,0.0,0.0,0.0,0.0,0.0,0.0,0.0,0.0,0.0,0.0,0.0,0.0,0.0,0.0,0.0,0.0,0.0,0.0,0.0,0.0,163.23847585664356,5.549774770204643,162.61672730687948,0.0029541929732162047,1.1401754250958153e-06,0.0,0.0,0.0,0.0,0.0,0.0,0.0,0.0,0.0,0.0,0.0,0.0,0.0,0.0,0.0,5,5,5,5,5,5,5,5,5,5,5,5,5,5,5,5,5,5,5,5,5,5,5,5,5,5,5,5,5,5,5,5,5,5,5,5,5,5,5,5,5,5,5,5,5,5,1.3859292911256331,0.0,0.0,0.0,0.0,0.0,0.0,0.0,0.0,0.0,0.0,0.0,0.0,0.0,0.0,0.0,0.0,0.0,0.0,0.0,0.0,0.0,0.0,0.0,0.0,0.0,143.08483279509397,4.864592069228415,142.53984616239765,0.0025894643122513507,9.994078246630516e-07,0.0,0.0,0.0,0.0,0.0,0.0,0.0,0.0,0.0,0.0,0.0,0.0,0.0,0.0,0.0
BC_TRUST,60.0,3.0,2.0,20.0,300.0,100.0,64.0,200.0,200.0,0.0,1.0,1.0,1.0,1.0,1.0,2.0,0.2,195.0,0.0,0.0,11505.0,0.0,0.0,0.0,3904.0,11895.0,5074.0,60.0,16.8,59.2,0.03142856,0.7916416,0.0,0.0,0.0,0.0,0.0,0.7,0.3,20.0,120.0,0.0,0.0,0.0,0.0,0.0,0.0,1.5811388300841898,0.0,0.0,0.0,0.0,0.0,0.0,0.0,0.0,0.0,0.0,0.0,0.0,0.0,0.0,0.0,0.0,0.0,0.0,0.0,0.0,0.0,0.0,0.0,0.0,0.0,33.54101966249684,9.391485505499118,33.09380606699689,0.017569099148732698,0.0016895729637988724,0.0,0.0,0.0,0.0,0.0,0.0,0.0,0.0,0.0,0.0,0.0,0.0,0.0,0.0,0.0,5,5,5,5,5,5,5,5,5,5,5,5,5,5,5,5,5,5,5,5,5,5,5,5,5,5,5,5,5,5,5,5,5,5,5,5,5,5,5,5,5,5,5,5,5,5,1.3859292911256331,0.0,0.0,0.0,0.0,0.0,0.0,0.0,0.0,0.0,0.0,0.0,0.0,0.0,0.0,0.0,0.0,0.0,0.0,0.0,0.0,0.0,0.0,0.0,0.0,0.0,29.399999999999995,8.232,29.008000000000003,0.015399994399999999,0.0014809760000000232,0.0,0.0,0.0,0.0,0.0,0.0,0.0,0.0,0.0,0.0,0.0,0.0,0.0,0.0,0.0
BC_TRUST,90.0,3.0,2.0,20.0,300.0,100.0,64.0,200.0,200.0,0.0,1.0,1.0,1.0,1.0,1.0,2.0,0.2,195.0,0.0,0.0,17355.0,0.0,0.0,0.0,5824.0,17745.0,7654.0,0.0,0.0,0.0,0.0,0.796808,0.0,0.0,0.0,0.0,0.0,0.7,0.3,20.0,120.0,0.0,0.0,0.0,0.0,0.0,0.0,1.5811388300841898,0.0,0.0,0.0,0.0,0.0,0.0,0.0,0.0,0.0,0.0,0.0,0.0,0.0,0.0,0.0,0.0,0.0,0.0,0.0,0.0,0.0,0.0,0.0,0.0,0.0,0.0,0.0,0.0,0.0,0.0,0.0,0.0,0.0,0.0,0.0,0.0,0.0,0.0,0.0,0.0,0.0,0.0,0.0,0.0,0.0,5,5,5,5,5,5,5,5,5,5,5,5,5,5,5,5,5,5,5,5,5,5,5,5,5,5,5,5,5,5,5,5,5,5,5,5,5,5,5,5,5,5,5,5,5,5,1.3859292911256331,0.0,0.0,0.0,0.0,0.0,0.0,0.0,0.0,0.0,0.0,0.0,0.0,0.0,0.0,0.0,0.0,0.0,0.0,0.0,0.0,0.0,0.0,0.0,0.0,0.0,0.0,0.0,0.0,0.0,0.0,0.0,0.0,0.0,0.0,0.0,0.0,0.0,0.0,0.0,0.0,0.0,0.0,0.0,0.0,0.0
FULL,30.0,3.0,2.0,20.0,300.0,100.0,64.0,200.0,200.0,0.0,1.0,1.0,1.0,1.0,1.0,2.0,0.2,195.0,0.0,0.0,5655.0,0.0,0.0,0.0,1984.0,6045.0,2494.0,390.4,38.4,385.2,0.02260526,0.7823184,0.0,0.0,0.0,0.0,0.0,0.7,0.3,20.0,120.0,0.0,0.0,0.0,0.0,0.0,0.0,1.5811388300841898,0.0,0.0,0.0,0.0,0.0,0.0,0.0,0.0,0.0,0.0,0.0,0.0,0.0,0.0,0.0,0.0,0.0,0.0,0.0,0.0,0.0,0.0,0.0,0.0,0.0,163.23847585664356,5.549774770204643,162.61672730687945,0.002954192973216206,1.1401754250954096e-06,0.0,0.0,0.0,0.0,0.0,0.0,0.0,0.0,0.0,0.0,0.0,0.0,0.0,0.0,0.0,5,5,5,5,5,5,5,5,5,5,5,5,5,5,5,5,5,5,5,5,5,5,5,5,5,5,5,5,5,5,5,5,5,5,5,5,5,5,5,5,5,5,5,5,5,5,1.3859292911256331,0.0,0.0,0.0,0.0,0.0,0.0,0.0,0.0,0.0,0.0,0.0,0.0,0.0,0.0,0.0,0.0,0.0,0.0,0.0,0.0,0.0,0.0,0.0,0.0,0.0,143.08483279509397,4.864592069228416,142.53984616239765,0.0025894643122513507,9.994078246630516e-07,0.0,0.0,0.0,0.0,0.0,0.0,0.0,0.0,0.0,0.0,0.0,0.0,0.0,0.0,0.0
FULL,60.0,3.0,2.0,20.0,300.0,100.0,64.0,200.0,200.0,0.0,1.0,1.0,1.0,1.0,1.0,2.0,0.2,195.0,0.0,0.0,11505.0,0.0,0.0,0.0,3904.0,11895.0,5074.0,60.0,16.8,59.2,0.03142856,0.7916416,0.0,0.0,0.0,0.0,0.0,0.7,0.3,20.0,120.0,0.0,0.0,0.0,0.0,0.0,0.0,1.5811388300841898,0.0,0.0,0.0,0.0,0.0,0.0,0.0,0.0,0.0,0.0,0.0,0.0,0.0,0.0,0.0,0.0,0.0,0.0,0.0,0.0,0.0,0.0,0.0,0.0,0.0,33.54101966249684,9.391485505499118,33.09380606699689,0.017569099148732698,0.0016895729637988568,0.0,0.0,0.0,0.0,0.0,0.0,0.0,0.0,0.0,0.0,0.0,0.0,0.0,0.0,0.0,5,5,5,5,5,5,5,5,5,5,5,5,5,5,5,5,5,5,5,5,5,5,5,5,5,5,5,5,5,5,5,5,5,5,5,5,5,5,5,5,5,5,5,5,5,5,1.3859292911256331,0.0,0.0,0.0,0.0,0.0,0.0,0.0,0.0,0.0,0.0,0.0,0.0,0.0,0.0,0.0,0.0,0.0,0.0,0.0,0.0,0.0,0.0,0.0,0.0,0.0,29.399999999999995,8.232,29.008000000000003,0.015399994399999999,0.0014809760000000232,0.0,0.0,0.0,0.0,0.0,0.0,0.0,0.0,0.0,0.0,0.0,0.0,0.0,0.0,0.0
FULL,90.0,3.0,2.0,20.0,300.0,100.0,64.0,200.0,200.0,0.0,1.0,1.0,1.0,1.0,1.0,2.0,0.2,195.0,0.0,0.0,17355.0,0.0,0.0,0.0,5824.0,17745.0,7654.0,0.0,0.0,0.0,0.0,0.796808,0.0,0.0,0.0,0.0,0.0,0.7,0.3,20.0,120.0,0.0,0.0,0.0,0.0,0.0,0.0,1.5811388300841898,0.0,0.0,0.0,0.0,0.0,0.0,0.0,0.0,0.0,0.0,0.0,0.0,0.0,0.0,0.0,0.0,0.0,0.0,0.0,0.0,0.0,0.0,0.0,0.0,0.0,0.0,0.0,0.0,0.0,0.0,0.0,0.0,0.0,0.0,0.0,0.0,0.0,0.0,0.0,0.0,0.0,0.0,0.0,0.0,0.0,5,5,5,5,5,5,5,5,5,5,5,5,5,5,5,5,5,5,5,5,5,5,5,5,5,5,5,5,5,5,5,5,5,5,5,5,5,5,5,5,5,5,5,5,5,5,1.3859292911256331,0.0,0.0,0.0,0.0,0.0,0.0,0.0,0.0,0.0,0.0,0.0,0.0,0.0,0.0,0.0,0.0,0.0,0.0,0.0,0.0,0.0,0.0,0.0,0.0,0.0,0.0,0.0,0.0,0.0,0.0,0.0,0.0,0.0,0.0,0.0,0.0,0.0,0.0,0.0,0.0,0.0,0.0,0.0,0.0,0.0
